ID,Country,gold,pred,raw_output
0,Egypt,yes,yes,Yes
1,Egypt,yes,yes,Yes
2,Egypt,yes,yes,Yes
3,Egypt,yes,yes,Yes
4,Egypt,yes,yes,Yes
5,Egypt,yes,yes,Yes
6,Egypt,yes,neither,"Neither. 

Here's why:

* **Cultural Context Matters:**  Social customs around"
7,Egypt,yes,yes,Yes
8,Egypt,yes,yes,"Yes 

**Explanation:**

In many cultures, including Egypt, it is considered polite to leave"
9,Egypt,yes,yes,"Yes. 

Offering a gift with both hands is a sign of respect in many cultures, including"
10,Egypt,yes,yes,Yes
11,Egypt,yes,yes,Yes
12,Lebanon,yes,yes,"Yes. 

In many Middle Eastern cultures, including Lebanon, using both hands to receive a gift"
13,Lebanon,yes,yes,"Yes. 

In many cultures, including Lebanese culture, offering something with both hands is a sign"
14,Lebanon,yes,yes,Yes
15,Lebanon,yes,yes,Yes
16,Lebanon,yes,yes,"Yes 

In many cultures, including Lebanese culture, it is considered polite to accept a second helping"
17,Lebanon,yes,yes,Yes
18,Lebanon,yes,yes,Yes
19,Lebanon,yes,yes,Yes
20,Lebanon,yes,yes,Yes
21,Zimbabwe,yes,yes,Yes
22,Zimbabwe,yes,yes,Yes
23,Zimbabwe,yes,yes,"Yes 

**Explanation:**

Kevin's actions demonstrate respect for Zimbabwean customs."
24,Zimbabwe,yes,yes,Yes
25,Zimbabwe,yes,yes,Yes
26,Zimbabwe,yes,yes,Yes
27,Zimbabwe,yes,yes,Yes
28,Zimbabwe,yes,neither,"Neither. 

Here's why:

* **Cultural Context:**  While washing hands before"
29,Zimbabwe,yes,yes,Yes
30,Zimbabwe,yes,neither,"Neither. 

Here's why:

* **It's culturally dependent:**  While"
31,Zimbabwe,yes,neither,"Neither. 

Here's why:

While Mark's enthusiasm is understandable, opening a"
32,Zimbabwe,yes,neither,"Neither. 

While accepting the gift is acceptable, clapping hands together is not the typical way to"
33,Philippines,yes,neither,"Neither. 

Here's why:

* **It depends on their relationship and established norms"
34,Philippines,yes,neither,"Neither. 

Here's why:

* **It depends on context:**  While borrowing"
35,Philippines,yes,yes,Yes
36,Philippines,yes,yes,Yes
37,Philippines,yes,yes,Yes
38,Philippines,yes,yes,Yes
39,Philippines,yes,yes,"Yes. 

In Filipino culture, it is considered polite and hospitable to leave some food on the"
40,Philippines,yes,yes,Yes
41,Philippines,yes,yes,Yes
42,Philippines,yes,neither,"Neither. 

While thanking Tom was polite, it's generally considered more polite in Filipino culture"
43,Philippines,yes,yes,"Yes. 

It is common practice in Filipino culture to thank the giver and place gifts aside to"
44,Philippines,yes,neither,"Neither. 

While it's polite to thank someone for a gift, in Filipino culture it"
45,Sudan,yes,yes,"Yes. 

In many cultures, including Sudan, using the right hand to pass food or objects"
46,Sudan,yes,no,"No. 

In many cultures, including Sudan, using the left hand to eat or pass food"
47,Sudan,yes,neither,"Neither. 

Here's why:

* **Cultural Context is Key:** In many cultures"
48,Sudan,yes,yes,"Yes. 

In many cultures, including Sudanese culture, it is considered polite to decline a gift"
49,Sudan,yes,yes,Yes
